name,price,url
Подвесная люстра Bogates Vegas 299/5 Strotskis,32 300,/product/podvesnaja-ljustra-bogates-vegas-299-5-strotskis/
Подвесная люстра Maytoni Puntes MOD043PL-06CH,52 990,/product/podvesnaja-ljustra-maytoni-puntes-mod043pl-06ch/
Подвесная люстра Citilux Идальго CL434131,8 799,/product/podvesnaja-ljustra-citilux-idalgo-cl434131/
Подвесная люстра Maytoni Vintage ARM420-08-R,36 490,/product/elegant-20-arm420-08-r/
Подвесная люстра Escada Celine 466/8S,8 000,/product/podvesnaja-ljustra-escada-classic-466-8s/
Подвесная люстра Freya Herbert FR2012-PL-06-BZ,19 590,/product/podvesnaja-ljustra-freya-herbert-fr1012-06-r/
Подвесная люстра Lightstar Diafano 758084,34 606,/product/lightstar-758084-37544/
Подвесная люстра Arte Lamp Gemelli A2150SP-5WG,17 990,/product/podvesnaja-ljustra-arte-lamp-gemelli-a2150sp-5wg/
Подвесная люстра De Markt Бриз 111011004,,/product/podvesnaja-ljustra-de-markt-briz-111011004/
Подвесная люстра Maytoni Maryland ARM526PL-08GR,36 720,/product/maytoni-maryland-arm526pl-08gr/
Подвесная люстра Dio D'Arte Alessandria Gold Alessandria E 1.1.10.600 G,,/product/podvesnaja-ljustra-dio-darte-alessandria-alessandria-e-1110600-g/
Подвесная люстра Maytoni Vintage ARM420-05-R,27 390,/product/elegant-20-arm420-05-r/
Подвесная люстра Wertmark Edda WE514.01.713,19 645,/product/podvesnaja-ljustra-wertmark-edda-we51401713/
Подвесная люстра Freya Gisela FR2013PL-05G,17 990,/product/podvesnaja-ljustra-freya-gisela-fr2013pl-05g/
Подвесная люстра Lightstar Globo 815057,36 453,/product/podvesnaja-ljustra-light-star-globo-815057/
Подвесная люстра Arte Lamp Albus A7780SP-7AB,,/product/podvesnaja-ljustra-arte-lamp-albus-a7780sp-7ab/
Подвесная люстра Ambrella Original FA433,20 951,/product/podvesnaja-ljustra-ambrella-original-fa433/
Подвесная люстра Arte Lamp Vivien A2719SP-6GO,17 440,/product/podvesnaja-ljustra-arte-lamp-vivien-a2719sp-6go/
Подвесная люстра Arte Lamp Albus A7780SP-5AB,,/product/podvesnaja-ljustra-arte-lamp-albus-a7780sp-5ab/
Подвесная люстра Ambrella Traditional TR5085,13 818,/product/podvesnaja-ljustra-ambrella-traditional-tr5085/
Подвесная люстра Divinare Amadeo 1123/04 SP-65,,/product/podvesnaja-ljustra-divinare-amadeo-1123-04-sp-65/
Подвесная люстра Divinare Renata 1135/02 SP-24,32 990,/product/podvesnaja-ljustra-divinare-renata-1135-02-sp-24/
Подвесная люстра Ambrella Traditional TR5144,18 272,/product/podvesnaja-ljustra-ambrella-traditional-tr5144/
Подвесная люстра Arte Lamp Mallorca A1021SP-5SS,16 990,/product/podvesnaja-ljustra-arte-lamp-mallorca-a1021sp-5ss/
Подвесная люстра Divinare Megan 7568/18 LM-12,88 800,/product/podvesnaja-ljustra-divinare-megan-7568-18-lm-12/
Подвесная люстра Citilux Бонна CL426160,8 990,/product/podvesnaja-ljustra-citilux-bonna-belaja-cl426160/
Подвесная люстра Stilfort Salut 2123/03/12P,35 500,/product/podvesnaja-ljustra-stilfort-salut-2123-03-12p/
Подвесная люстра Ambrella Traditional TR5080,9 396,/product/podvesnaja-ljustra-ambrella-traditional-tr5080/
Подвесная люстра Arte Lamp Vivien A2719SP-8GO,11 890,/product/podvesnaja-ljustra-arte-lamp-vivien-a2719sp-8go/
Подвесная люстра Lightstar Acrobata 761160,31 527,/product/podvesnaja-ljustra-light-star-acrobata-761160/
Подвесная люстра Ambrella Traditional TR3013,16 395,/product/podvesnaja-ljustra-ambrella-traditional-tr3013/
Подвесная люстра Divinare Renata 1135/02 SP-90,117 990,/product/podvesnaja-ljustra-divinare-renata-1135-02-sp-90/
Подвесная люстра Citilux Планета CL105155,12 790,/product/podvesnaja-ljustra-citilux-planeta-cl105155/
Подвесная люстра MW-Light Афродита 317010303,,/product/podvesnaja-ljustra-mw-light-afrodita-317010303/
Подвесная люстра Ambrella Traditional TR5086,12 089,/product/podvesnaja-ljustra-ambrella-traditional-tr5086/
Подвесная люстра Citilux Шербург-2 CL440231,24 990,/product/podvesnaja-ljustra-citilux-sherburg-2-cl440231/
Подвесная люстра Ambrella Traditional TR5110,13 175,/product/podvesnaja-ljustra-ambrella-traditional-tr5110/
Подвесная люстра Lightstar Acrobata 761164,,/product/podvesnaja-ljustra-light-star-acrobata-761164/
,,/category/ljustry-podvesnye/p2.html
name,price,url
Подвесная люстра Divinare Chloe 7566/02 SP-8,,https://www.market-sveta.ru/product/podvesnaja-ljustra-divinare-7566-02-sp-8/
Подвесная люстра Bogates Vegas 299/5 Strotskis,,https://www.market-sveta.ru/product/podvesnaja-ljustra-bogates-vegas-299-5-strotskis/
Подвесная люстра Maytoni Puntes MOD043PL-06CH,,https://www.market-sveta.ru/product/podvesnaja-ljustra-maytoni-puntes-mod043pl-06ch/
Подвесная люстра Citilux Идальго CL434131,,https://www.market-sveta.ru/product/podvesnaja-ljustra-citilux-idalgo-cl434131/
Подвесная люстра Maytoni Vintage ARM420-08-R,,https://www.market-sveta.ru/product/elegant-20-arm420-08-r/
Подвесная люстра Escada Celine 466/8S,,https://www.market-sveta.ru/product/podvesnaja-ljustra-escada-classic-466-8s/
Подвесная люстра Natali Kovaltseva Innovation Style INNOVATION STYLE 83010,,https://www.market-sveta.ru/product/podvesnaja-ljustra-natali-kovaltseva-innovation-style-innovation-style-83010/
Подвесная люстра Freya Herbert FR2012-PL-06-BZ,,https://www.market-sveta.ru/product/podvesnaja-ljustra-freya-herbert-fr1012-06-r/
Подвесная люстра Lightstar Diafano 758084,,https://www.market-sveta.ru/product/lightstar-758084-37544/
Подвесная люстра Arte Lamp Gemelli A2150SP-5WG,,https://www.market-sveta.ru/product/podvesnaja-ljustra-arte-lamp-gemelli-a2150sp-5wg/
Подвесная люстра De Markt Бриз 111011004,,https://www.market-sveta.ru/product/podvesnaja-ljustra-de-markt-briz-111011004/
Подвесная люстра Maytoni Maryland ARM526PL-08GR,,https://www.market-sveta.ru/product/maytoni-maryland-arm526pl-08gr/
Подвесная люстра Dio D'Arte Alessandria Gold Alessandria E 1.1.10.600 G,,https://www.market-sveta.ru/product/podvesnaja-ljustra-dio-darte-alessandria-alessandria-e-1110600-g/
Подвесная люстра Maytoni Vintage ARM420-05-R,,https://www.market-sveta.ru/product/elegant-20-arm420-05-r/
Подвесная люстра Wertmark Edda WE514.01.713,,https://www.market-sveta.ru/product/podvesnaja-ljustra-wertmark-edda-we51401713/
Подвесная люстра Freya Gisela FR2013PL-05G,,https://www.market-sveta.ru/product/podvesnaja-ljustra-freya-gisela-fr2013pl-05g/
Подвесная люстра Lightstar Globo 815057,,https://www.market-sveta.ru/product/podvesnaja-ljustra-light-star-globo-815057/
Подвесная люстра Favourite Malta 1730-5P,,https://www.market-sveta.ru/product/podvesnaja-ljustra-favourite-malta-1730-5p/
Подвесная люстра Arte Lamp Albus A7780SP-7AB,,https://www.market-sveta.ru/product/podvesnaja-ljustra-arte-lamp-albus-a7780sp-7ab/
Подвесная люстра Ambrella Original FA433,,https://www.market-sveta.ru/product/podvesnaja-ljustra-ambrella-original-fa433/
Подвесная люстра Arte Lamp Vivien A2719SP-6GO,,https://www.market-sveta.ru/product/podvesnaja-ljustra-arte-lamp-vivien-a2719sp-6go/
Подвесная люстра Arte Lamp Albus A7780SP-5AB,,https://www.market-sveta.ru/product/podvesnaja-ljustra-arte-lamp-albus-a7780sp-5ab/
Подвесная люстра Ambrella Traditional TR5085,,https://www.market-sveta.ru/product/podvesnaja-ljustra-ambrella-traditional-tr5085/
Подвесная люстра Divinare Amadeo 1123/04 SP-65,,https://www.market-sveta.ru/product/podvesnaja-ljustra-divinare-amadeo-1123-04-sp-65/
Подвесная люстра Divinare Renata 1135/02 SP-24,,https://www.market-sveta.ru/product/podvesnaja-ljustra-divinare-renata-1135-02-sp-24/
Подвесная люстра Ambrella Traditional TR5144,,https://www.market-sveta.ru/product/podvesnaja-ljustra-ambrella-traditional-tr5144/
Подвесная люстра Favourite Giro 1765-18P,,https://www.market-sveta.ru/product/podvesnaja-ljustra-favourite-giro-1765-18p/
Подвесная люстра Arte Lamp Mallorca A1021SP-5SS,,https://www.market-sveta.ru/product/podvesnaja-ljustra-arte-lamp-mallorca-a1021sp-5ss/
Подвесная люстра Divinare Megan 7568/18 LM-12,,https://www.market-sveta.ru/product/podvesnaja-ljustra-divinare-megan-7568-18-lm-12/
Подвесная люстра Citilux Бонна CL426160,,https://www.market-sveta.ru/product/podvesnaja-ljustra-citilux-bonna-belaja-cl426160/
Подвесная люстра Stilfort Salut 2123/03/12P,,https://www.market-sveta.ru/product/podvesnaja-ljustra-stilfort-salut-2123-03-12p/
Подвесная люстра Ambrella Traditional TR5080,,https://www.market-sveta.ru/product/podvesnaja-ljustra-ambrella-traditional-tr5080/
Подвесная люстра Lightstar Acrobata 761160,,https://www.market-sveta.ru/product/podvesnaja-ljustra-light-star-acrobata-761160/
Подвесная люстра Ambrella Traditional TR3013,,https://www.market-sveta.ru/product/podvesnaja-ljustra-ambrella-traditional-tr3013/
Подвесная люстра Divinare Renata 1135/02 SP-90,,https://www.market-sveta.ru/product/podvesnaja-ljustra-divinare-renata-1135-02-sp-90/
Подвесная люстра Citilux Планета CL105155,,https://www.market-sveta.ru/product/podvesnaja-ljustra-citilux-planeta-cl105155/
Подвесная люстра MW-Light Афродита 317010303,,https://www.market-sveta.ru/product/podvesnaja-ljustra-mw-light-afrodita-317010303/
Подвесная люстра Citilux Шербург-2 CL440231,,https://www.market-sveta.ru/product/podvesnaja-ljustra-citilux-sherburg-2-cl440231/
,,https://www.market-sveta.ru/category/ljustry-podvesnye/
name,price,url
Подвесная люстра Divinare Chloe 7566/02 SP-8,,https://www.market-sveta.ru/product/podvesnaja-ljustra-divinare-7566-02-sp-8/
Подвесная люстра Bogates Vegas 299/5 Strotskis,,https://www.market-sveta.ru/product/podvesnaja-ljustra-bogates-vegas-299-5-strotskis/
Подвесная люстра Maytoni Puntes MOD043PL-06CH,,https://www.market-sveta.ru/product/podvesnaja-ljustra-maytoni-puntes-mod043pl-06ch/
Подвесная люстра Citilux Идальго CL434131,,https://www.market-sveta.ru/product/podvesnaja-ljustra-citilux-idalgo-cl434131/
Подвесная люстра Maytoni Vintage ARM420-08-R,,https://www.market-sveta.ru/product/elegant-20-arm420-08-r/
Подвесная люстра Escada Celine 466/8S,,https://www.market-sveta.ru/product/podvesnaja-ljustra-escada-classic-466-8s/
Подвесная люстра Natali Kovaltseva Innovation Style INNOVATION STYLE 83010,,https://www.market-sveta.ru/product/podvesnaja-ljustra-natali-kovaltseva-innovation-style-innovation-style-83010/
Подвесная люстра Freya Herbert FR2012-PL-06-BZ,,https://www.market-sveta.ru/product/podvesnaja-ljustra-freya-herbert-fr1012-06-r/
Подвесная люстра Lightstar Diafano 758084,,https://www.market-sveta.ru/product/lightstar-758084-37544/
Подвесная люстра Arte Lamp Gemelli A2150SP-5WG,,https://www.market-sveta.ru/product/podvesnaja-ljustra-arte-lamp-gemelli-a2150sp-5wg/
Подвесная люстра De Markt Бриз 111011004,,https://www.market-sveta.ru/product/podvesnaja-ljustra-de-markt-briz-111011004/
Подвесная люстра Maytoni Maryland ARM526PL-08GR,,https://www.market-sveta.ru/product/maytoni-maryland-arm526pl-08gr/
Подвесная люстра Dio D'Arte Alessandria Gold Alessandria E 1.1.10.600 G,,https://www.market-sveta.ru/product/podvesnaja-ljustra-dio-darte-alessandria-alessandria-e-1110600-g/
Подвесная люстра Maytoni Vintage ARM420-05-R,,https://www.market-sveta.ru/product/elegant-20-arm420-05-r/
Подвесная люстра Wertmark Edda WE514.01.713,,https://www.market-sveta.ru/product/podvesnaja-ljustra-wertmark-edda-we51401713/
Подвесная люстра Freya Gisela FR2013PL-05G,,https://www.market-sveta.ru/product/podvesnaja-ljustra-freya-gisela-fr2013pl-05g/
Подвесная люстра Lightstar Globo 815057,,https://www.market-sveta.ru/product/podvesnaja-ljustra-light-star-globo-815057/
Подвесная люстра Favourite Malta 1730-5P,,https://www.market-sveta.ru/product/podvesnaja-ljustra-favourite-malta-1730-5p/
Подвесная люстра Arte Lamp Albus A7780SP-7AB,,https://www.market-sveta.ru/product/podvesnaja-ljustra-arte-lamp-albus-a7780sp-7ab/
Подвесная люстра Ambrella Original FA433,,https://www.market-sveta.ru/product/podvesnaja-ljustra-ambrella-original-fa433/
Подвесная люстра Arte Lamp Vivien A2719SP-6GO,,https://www.market-sveta.ru/product/podvesnaja-ljustra-arte-lamp-vivien-a2719sp-6go/
Подвесная люстра Arte Lamp Albus A7780SP-5AB,,https://www.market-sveta.ru/product/podvesnaja-ljustra-arte-lamp-albus-a7780sp-5ab/
Подвесная люстра Ambrella Traditional TR5085,,https://www.market-sveta.ru/product/podvesnaja-ljustra-ambrella-traditional-tr5085/
Подвесная люстра Divinare Amadeo 1123/04 SP-65,,https://www.market-sveta.ru/product/podvesnaja-ljustra-divinare-amadeo-1123-04-sp-65/
Подвесная люстра Divinare Renata 1135/02 SP-24,,https://www.market-sveta.ru/product/podvesnaja-ljustra-divinare-renata-1135-02-sp-24/
Подвесная люстра Ambrella Traditional TR5144,,https://www.market-sveta.ru/product/podvesnaja-ljustra-ambrella-traditional-tr5144/
Подвесная люстра Favourite Giro 1765-18P,,https://www.market-sveta.ru/product/podvesnaja-ljustra-favourite-giro-1765-18p/
Подвесная люстра Arte Lamp Mallorca A1021SP-5SS,,https://www.market-sveta.ru/product/podvesnaja-ljustra-arte-lamp-mallorca-a1021sp-5ss/
Подвесная люстра Divinare Megan 7568/18 LM-12,,https://www.market-sveta.ru/product/podvesnaja-ljustra-divinare-megan-7568-18-lm-12/
Подвесная люстра Citilux Бонна CL426160,,https://www.market-sveta.ru/product/podvesnaja-ljustra-citilux-bonna-belaja-cl426160/
Подвесная люстра Stilfort Salut 2123/03/12P,,https://www.market-sveta.ru/product/podvesnaja-ljustra-stilfort-salut-2123-03-12p/
Подвесная люстра Ambrella Traditional TR5080,,https://www.market-sveta.ru/product/podvesnaja-ljustra-ambrella-traditional-tr5080/
Подвесная люстра Lightstar Acrobata 761160,,https://www.market-sveta.ru/product/podvesnaja-ljustra-light-star-acrobata-761160/
Подвесная люстра Ambrella Traditional TR3013,,https://www.market-sveta.ru/product/podvesnaja-ljustra-ambrella-traditional-tr3013/
Подвесная люстра Divinare Renata 1135/02 SP-90,,https://www.market-sveta.ru/product/podvesnaja-ljustra-divinare-renata-1135-02-sp-90/
Подвесная люстра Citilux Планета CL105155,,https://www.market-sveta.ru/product/podvesnaja-ljustra-citilux-planeta-cl105155/
Подвесная люстра MW-Light Афродита 317010303,,https://www.market-sveta.ru/product/podvesnaja-ljustra-mw-light-afrodita-317010303/
Подвесная люстра Citilux Шербург-2 CL440231,,https://www.market-sveta.ru/product/podvesnaja-ljustra-citilux-sherburg-2-cl440231/
,,https://www.market-sveta.ru/category/ljustry-podvesnye/
name,price,url
Подвесная люстра Divinare Chloe 7566/02 SP-8,,https://www.market-sveta.ru/product/podvesnaja-ljustra-divinare-7566-02-sp-8/
Подвесная люстра Bogates Vegas 299/5 Strotskis,,https://www.market-sveta.ru/product/podvesnaja-ljustra-bogates-vegas-299-5-strotskis/
Подвесная люстра Maytoni Puntes MOD043PL-06CH,,https://www.market-sveta.ru/product/podvesnaja-ljustra-maytoni-puntes-mod043pl-06ch/
Подвесная люстра Citilux Идальго CL434131,,https://www.market-sveta.ru/product/podvesnaja-ljustra-citilux-idalgo-cl434131/
Подвесная люстра Maytoni Vintage ARM420-08-R,,https://www.market-sveta.ru/product/elegant-20-arm420-08-r/
Подвесная люстра Escada Celine 466/8S,,https://www.market-sveta.ru/product/podvesnaja-ljustra-escada-classic-466-8s/
Подвесная люстра Natali Kovaltseva Innovation Style INNOVATION STYLE 83010,,https://www.market-sveta.ru/product/podvesnaja-ljustra-natali-kovaltseva-innovation-style-innovation-style-83010/
Подвесная люстра Freya Herbert FR2012-PL-06-BZ,,https://www.market-sveta.ru/product/podvesnaja-ljustra-freya-herbert-fr1012-06-r/
Подвесная люстра Lightstar Diafano 758084,,https://www.market-sveta.ru/product/lightstar-758084-37544/
Подвесная люстра Arte Lamp Gemelli A2150SP-5WG,,https://www.market-sveta.ru/product/podvesnaja-ljustra-arte-lamp-gemelli-a2150sp-5wg/
Подвесная люстра De Markt Бриз 111011004,,https://www.market-sveta.ru/product/podvesnaja-ljustra-de-markt-briz-111011004/
Подвесная люстра Maytoni Maryland ARM526PL-08GR,,https://www.market-sveta.ru/product/maytoni-maryland-arm526pl-08gr/
Подвесная люстра Dio D'Arte Alessandria Gold Alessandria E 1.1.10.600 G,,https://www.market-sveta.ru/product/podvesnaja-ljustra-dio-darte-alessandria-alessandria-e-1110600-g/
Подвесная люстра Maytoni Vintage ARM420-05-R,,https://www.market-sveta.ru/product/elegant-20-arm420-05-r/
Подвесная люстра Wertmark Edda WE514.01.713,,https://www.market-sveta.ru/product/podvesnaja-ljustra-wertmark-edda-we51401713/
Подвесная люстра Freya Gisela FR2013PL-05G,,https://www.market-sveta.ru/product/podvesnaja-ljustra-freya-gisela-fr2013pl-05g/
Подвесная люстра Lightstar Globo 815057,,https://www.market-sveta.ru/product/podvesnaja-ljustra-light-star-globo-815057/
Подвесная люстра Favourite Malta 1730-5P,,https://www.market-sveta.ru/product/podvesnaja-ljustra-favourite-malta-1730-5p/
Подвесная люстра Arte Lamp Albus A7780SP-7AB,,https://www.market-sveta.ru/product/podvesnaja-ljustra-arte-lamp-albus-a7780sp-7ab/
Подвесная люстра Ambrella Original FA433,,https://www.market-sveta.ru/product/podvesnaja-ljustra-ambrella-original-fa433/
Подвесная люстра Arte Lamp Vivien A2719SP-6GO,,https://www.market-sveta.ru/product/podvesnaja-ljustra-arte-lamp-vivien-a2719sp-6go/
Подвесная люстра Arte Lamp Albus A7780SP-5AB,,https://www.market-sveta.ru/product/podvesnaja-ljustra-arte-lamp-albus-a7780sp-5ab/
Подвесная люстра Ambrella Traditional TR5085,,https://www.market-sveta.ru/product/podvesnaja-ljustra-ambrella-traditional-tr5085/
Подвесная люстра Divinare Amadeo 1123/04 SP-65,,https://www.market-sveta.ru/product/podvesnaja-ljustra-divinare-amadeo-1123-04-sp-65/
Подвесная люстра Divinare Renata 1135/02 SP-24,,https://www.market-sveta.ru/product/podvesnaja-ljustra-divinare-renata-1135-02-sp-24/
Подвесная люстра Ambrella Traditional TR5144,,https://www.market-sveta.ru/product/podvesnaja-ljustra-ambrella-traditional-tr5144/
Подвесная люстра Favourite Giro 1765-18P,,https://www.market-sveta.ru/product/podvesnaja-ljustra-favourite-giro-1765-18p/
Подвесная люстра Arte Lamp Mallorca A1021SP-5SS,,https://www.market-sveta.ru/product/podvesnaja-ljustra-arte-lamp-mallorca-a1021sp-5ss/
Подвесная люстра Divinare Megan 7568/18 LM-12,,https://www.market-sveta.ru/product/podvesnaja-ljustra-divinare-megan-7568-18-lm-12/
Подвесная люстра Citilux Бонна CL426160,,https://www.market-sveta.ru/product/podvesnaja-ljustra-citilux-bonna-belaja-cl426160/
Подвесная люстра Stilfort Salut 2123/03/12P,,https://www.market-sveta.ru/product/podvesnaja-ljustra-stilfort-salut-2123-03-12p/
Подвесная люстра Ambrella Traditional TR5080,,https://www.market-sveta.ru/product/podvesnaja-ljustra-ambrella-traditional-tr5080/
Подвесная люстра Lightstar Acrobata 761160,,https://www.market-sveta.ru/product/podvesnaja-ljustra-light-star-acrobata-761160/
Подвесная люстра Ambrella Traditional TR3013,,https://www.market-sveta.ru/product/podvesnaja-ljustra-ambrella-traditional-tr3013/
Подвесная люстра Divinare Renata 1135/02 SP-90,,https://www.market-sveta.ru/product/podvesnaja-ljustra-divinare-renata-1135-02-sp-90/
Подвесная люстра Citilux Планета CL105155,,https://www.market-sveta.ru/product/podvesnaja-ljustra-citilux-planeta-cl105155/
Подвесная люстра MW-Light Афродита 317010303,,https://www.market-sveta.ru/product/podvesnaja-ljustra-mw-light-afrodita-317010303/
Подвесная люстра Citilux Шербург-2 CL440231,,https://www.market-sveta.ru/product/podvesnaja-ljustra-citilux-sherburg-2-cl440231/
,,https://www.market-sveta.ru/category/ljustry-podvesnye/
